/vector_sort_after_all_push_back,1000000,8,0.076037
./vector_sort_after_all_push_back,2097150,16,0.171153
./vector_sort_after_all_push_back,3145720,12,0.259950
./vector_sort_after_all_push_back,4194300,16,0.355065
./vector_sort_after_all_push_back,5242880,20,0.438440
./vector_sort_after_all_push_back,6291450,24,0.538906
./vector_sort_after_all_push_back,7340030,28,0.636467
./vector_sort_after_all_push_back,8388600,32,0.724925
./vector_sort_after_all_push_back,9437180,36,0.824165
./vector_sort_after_all_push_back,10485760,40,0.943885
./vector_sort_after_all_push_back,11534330,44,1.026709
./vector_sort_after_all_push_back,12582910,48,1.106490
./vector_sort_after_all_push_back,13631480,52,1.204652
./vector_sort_after_all_push_back,14680060,56,1.314961
./vector_sort_after_all_push_back,15728640,60,1.421544
./vector_sort_after_all_push_back,16777210,64,1.506310
./vector_sort_after_all_push_back,17825790,68,1.616106
./vector_sort_after_all_push_back,18874360,72,1.710275
./vector_sort_after_all_push_back,19922940,76,1.845233
./vector_sort_after_all_push_back,20971520,80,1.890172
